,name,score,var
0,Accountants and Auditors,1.0170183181762695,0.31688612699508667
1,Actors,0.8192251324653625,0.24006099998950958
2,Actuaries,1.1180871725082397,0.37609395384788513
3,Acupuncturists,0.8302857875823975,0.2243916541337967
4,Acute Care Nurses,0.9223561882972717,0.2551462650299072
5,Adapted Physical Education Specialists,0.9687082767486572,0.2947782278060913
6,Adhesive Bonding Machine Operators and Tenders,0.3620867431163788,0.10238851606845856
7,"Administrative Law Judges, Adjudicators, and Hearing Officers",1.0222455263137817,0.3368430733680725
8,Administrative Services Managers,0.9184182286262512,0.2584246098995209
9,"Adult Basic Education, Adult Secondary Education, and English as a Second Language Instructors",0.9764176607131958,0.31463584303855896
10,Advanced Practice Psychiatric Nurses,1.0828708410263062,0.36747896671295166
11,Advertising Sales Agents,0.8710466027259827,0.24498039484024048
12,Advertising and Promotions Managers,1.066710352897644,0.3430390954017639
13,Aerospace Engineering and Operations Technologists and Technicians,0.5768792033195496,0.1349453181028366
14,Aerospace Engineers,1.0565080642700195,0.3454734981060028
15,"Agents and Business Managers of Artists, Performers, and Athletes",0.9828455448150635,0.3192577362060547
16,Agricultural Engineers,0.9246281385421753,0.25589731335639954
17,Agricultural Equipment Operators,0.2579452097415924,0.09926391392946243
18,Agricultural Inspectors,0.8325172662734985,0.21724022924900055
19,"Agricultural Sciences Teachers, Postsecondary",1.0615909099578857,0.3425613045692444
20,Agricultural Technicians,0.7415033578872681,0.18056327104568481
21,Air Traffic Controllers,0.8483983874320984,0.22062698006629944
22,Aircraft Cargo Handling Supervisors,0.692791223526001,0.16118906438350677
23,Aircraft Mechanics and Service Technicians,0.39170172810554504,0.11501839011907578
24,"Aircraft Structure, Surfaces, Rigging, and Systems Assemblers",0.49212878942489624,0.11282555013895035
25,Airfield Operations Specialists,0.8184613585472107,0.2127823680639267
26,"Airline Pilots, Copilots, and Flight Engineers",0.7457885146141052,0.18643683195114136
27,Allergists and Immunologists,1.0969743728637695,0.36666762828826904
28,"Ambulance Drivers and Attendants, Except Emergency Medical Technicians",0.5767437219619751,0.13507477939128876
29,Amusement and Recreation Attendants,0.499283105134964,0.12148287892341614
30,Anesthesiologist Assistants,0.702213704586029,0.16791053116321564
31,Anesthesiologists,0.9815549254417419,0.2874174416065216
32,Animal Breeders,0.6353290677070618,0.14748595654964447
33,Animal Caretakers,0.599967896938324,0.1384415328502655
34,Animal Control Workers,0.7309157848358154,0.1883106529712677
35,Animal Scientists,1.037203311920166,0.3245282471179962
36,Animal Trainers,0.8030786514282227,0.20966963469982147
37,Anthropologists and Archeologists,1.0371540784835815,0.3279244899749756
38,"Anthropology and Archeology Teachers, Postsecondary",1.1858713626861572,0.43717312812805176
39,Appraisers and Assessors of Real Estate,0.8387628793716431,0.2207767367362976
40,"Arbitrators, Mediators, and Conciliators",1.0142194032669067,0.3466833233833313
41,"Architects, Except Landscape and Naval",1.0377134084701538,0.3173633813858032
42,Architectural and Civil Drafters,0.8470739722251892,0.22281679511070251
43,Architectural and Engineering Managers,1.0230021476745605,0.30353328585624695
44,"Architecture Teachers, Postsecondary",1.1002581119537354,0.3673818111419678
45,Archivists,0.9054394960403442,0.2547239661216736
46,"Area, Ethnic, and Cultural Studies Teachers, Postsecondary",1.0799851417541504,0.36064252257347107
47,Art Directors,0.9177875518798828,0.2526259422302246
48,Art Therapists,1.0077992677688599,0.3198554217815399
49,"Art, Drama, and Music Teachers, Postsecondary",1.0312682390213013,0.33021873235702515
50,Astronomers,1.0455336570739746,0.3260806202888489
51,Athletes and Sports Competitors,0.7570196986198425,0.19240882992744446
52,Athletic Trainers,0.8969347476959229,0.24970747530460358
53,Atmospheric and Space Scientists,1.102042555809021,0.37401431798934937
54,"Atmospheric, Earth, Marine, and Space Sciences Teachers, Postsecondary",1.162113904953003,0.4123675227165222
55,Audio and Video Technicians,0.5214073657989502,0.11693068593740463
56,Audiologists,0.862980842590332,0.22597751021385193
57,Audiovisual Equipment Installers and Repairers,0.49238041043281555,0.10917447507381439
58,Automotive Body and Related Repairers,0.3784487545490265,0.09652632474899292
59,Automotive Engineering Technicians,0.5297234058380127,0.1218252032995224
60,Automotive Engineers,0.9574918150901794,0.27809712290763855
61,Automotive Glass Installers and Repairers,0.4100990891456604,0.1014537364244461
62,Automotive Service Technicians and Mechanics,0.3718622922897339,0.10308092832565308
63,Automotive and Watercraft Service Attendants,0.424689918756485,0.10496308654546738
64,Aviation Inspectors,0.629671037197113,0.15359002351760864
65,Avionics Technicians,0.4652322828769684,0.11953417211771011
66,Baggage Porters and Bellhops,0.5527245402336121,0.13392391800880432
67,Bailiffs,0.6566097140312195,0.1770734339952469
68,Bakers,0.6149173378944397,0.1397348940372467
69,Barbers,0.48180902004241943,0.11291390657424927
70,Baristas,0.49294722080230713,0.11940784752368927
71,Bartenders,0.7383474111557007,0.19197072088718414
72,Bicycle Repairers,0.4058787226676941,0.1039896234869957
73,Bill and Account Collectors,0.8017140030860901,0.2223227620124817
74,Billing and Posting Clerks,0.6751895546913147,0.16207392513751984
75,Biochemists and Biophysicists,1.0220433473587036,0.326215535402298
76,Bioengineers and Biomedical Engineers,0.9190759062767029,0.25837722420692444
77,Biofuels Processing Technicians,0.5109877586364746,0.12546321749687195
78,Biofuels Production Managers,0.8771017789840698,0.22891975939273834
79,Biofuels/Biodiesel Technology and Product Development Managers,0.8424939513206482,0.21804963052272797
80,Bioinformatics Scientists,1.0433779954910278,0.3282340168952942
81,Bioinformatics Technicians,0.9446505308151245,0.2759050726890564
82,"Biological Science Teachers, Postsecondary",1.073975920677185,0.35438185930252075
83,Biological Technicians,0.7032676339149475,0.1747402548789978
84,Biologists,1.056463599205017,0.3387836217880249
85,Biomass Plant Technicians,0.46090540289878845,0.1154952272772789
86,Biomass Power Plant Managers,0.7680633664131165,0.18529072403907776
87,Biostatisticians,1.142569899559021,0.40719908475875854
88,Boilermakers,0.4101506471633911,0.10759692639112473
89,"Bookkeeping, Accounting, and Auditing Clerks",0.7593584656715393,0.20290903747081757
90,Brickmasons and Blockmasons,0.4930480420589447,0.1079821065068245
91,Bridge and Lock Tenders,0.4994167983531952,0.12160779535770416
92,Broadcast Announcers and Radio Disc Jockeys,0.7228391766548157,0.18718887865543365
93,Broadcast Technicians,0.5127174854278564,0.11547480523586273
94,Brokerage Clerks,0.8275235295295715,0.22890935838222504
95,Brownfield Redevelopment Specialists and Site Managers,1.0707117319107056,0.3360426127910614
96,Budget Analysts,0.9607721567153931,0.28489983081817627
97,"Bus Drivers, Transit and Intercity",0.40698981285095215,0.11169248819351196
98,Bus and Truck Mechanics and Diesel Engine Specialists,0.3554885685443878,0.10519807040691376
99,Business Continuity Planners,1.0263087749481201,0.31622594594955444
100,Business Intelligence Analysts,0.9693887829780579,0.2879840135574341
101,"Business Teachers, Postsecondary",1.0695526599884033,0.3564152121543884
102,Butchers and Meat Cutters,0.587429940700531,0.1370823085308075
103,"Buyers and Purchasing Agents, Farm Products",0.856481671333313,0.22579723596572876
104,Cabinetmakers and Bench Carpenters,0.4306332767009735,0.09957554936408997
105,"Camera Operators, Television, Video, and Film",0.543567419052124,0.12061179429292679
106,Camera and Photographic Equipment Repairers,0.4250165820121765,0.10110724717378616
107,"Captains, Mates, and Pilots of Water Vessels",0.5671214461326599,0.13000154495239258
108,Cardiovascular Technologists and Technicians,0.6336447596549988,0.14823336899280548
109,"Career/Technical Education Teachers, Middle School",0.9415141344070435,0.2703104615211487
110,"Career/Technical Education Teachers, Postsecondary",0.8026587963104248,0.20280170440673828
111,"Career/Technical Education Teachers, Secondary School",0.8620235323905945,0.2349681556224823
112,Cargo and Freight Agents,0.682861328125,0.1643122434616089
113,Carpenters,0.5343918800354004,0.11707090586423874
114,Carpet Installers,0.4838126599788666,0.10694833844900131
115,Cartographers and Photogrammetrists,0.8218538165092468,0.21685248613357544
116,Cashiers,0.6523962020874023,0.1644379049539566
117,Cement Masons and Concrete Finishers,0.4320160150527954,0.10223221778869629
118,Chefs and Head Cooks,0.8078013062477112,0.20053638517856598
119,Chemical Engineers,0.9909309148788452,0.29678478837013245
120,Chemical Equipment Operators and Tenders,0.4813244640827179,0.12012829631567001
121,Chemical Plant and System Operators,0.5434535145759583,0.13348858058452606
122,Chemical Technicians,0.6712454557418823,0.1636887937784195
123,"Chemistry Teachers, Postsecondary",1.0710678100585938,0.3448091745376587
124,Chemists,0.7843961715698242,0.20574773848056793
125,Chief Executives,1.267983317375183,0.46488118171691895
126,Chief Sustainability Officers,1.107446312904358,0.3642430007457733
127,"Child, Family, and School Social Workers",1.0018830299377441,0.3144022822380066
128,Childcare Workers,0.7570556402206421,0.20462678372859955
129,Chiropractors,0.9434733986854553,0.2728812098503113
130,Choreographers,1.0005532503128052,0.31802743673324585
131,Civil Engineering Technologists and Technicians,0.8606704473495483,0.22881312668323517
132,Civil Engineers,1.0625581741333008,0.3336327373981476
133,"Claims Adjusters, Examiners, and Investigators",0.9202284812927246,0.2629423439502716
134,Cleaners of Vehicles and Equipment,0.28542330861091614,0.090434730052948
135,"Cleaning, Washing, and Metal Pickling Equipment Operators and Tenders",0.4127635359764099,0.10647232085466385
136,Clergy,1.0993006229400635,0.3808700144290924
137,Climate Change Policy Analysts,1.114380955696106,0.38432204723358154
138,Clinical Data Managers,0.9505208134651184,0.27003365755081177
139,Clinical Nurse Specialists,1.0637301206588745,0.33641332387924194
140,Clinical Research Coordinators,1.0316554307937622,0.3228926360607147
141,Clinical and Counseling Psychologists,1.0666722059249878,0.36319294571876526
142,Coaches and Scouts,1.0754433870315552,0.3455002009868622
143,"Coating, Painting, and Spraying Machine Setters, Operators, and Tenders",0.3446764051914215,0.1022346019744873
144,"Coil Winders, Tapers, and Finishers",0.42829740047454834,0.10689069330692291
145,"Coin, Vending, and Amusement Machine Servicers and Repairers",0.34442585706710815,0.09712062031030655
146,Commercial Divers,0.49572938680648804,0.11961416900157928
147,Commercial Pilots,0.7496554255485535,0.19004273414611816
148,Commercial and Industrial Designers,0.8792337775230408,0.23109419643878937
149,"Communications Teachers, Postsecondary",1.091945767402649,0.3724629580974579
150,Community Health Workers,0.9145205616950989,0.27040600776672363
151,Compensation and Benefits Managers,1.077146053314209,0.35774657130241394
152,"Compensation, Benefits, and Job Analysis Specialists",1.056921362876892,0.34359824657440186
153,Compliance Managers,0.9748848676681519,0.29734092950820923
154,Compliance Officers,0.8197948336601257,0.21582072973251343
155,Computer Hardware Engineers,0.7967063784599304,0.20179392397403717
156,Computer Network Architects,0.7416300773620605,0.17017748951911926
157,Computer Network Support Specialists,0.5534812211990356,0.12231933325529099
158,Computer Numerically Controlled Tool Operators,0.47428199648857117,0.11177890747785568
159,Computer Numerically Controlled Tool Programmers,0.5866441130638123,0.1328783631324768
160,Computer Programmers,0.8695049285888672,0.23210033774375916
161,"Computer Science Teachers, Postsecondary",1.063396692276001,0.3401186466217041
162,Computer Systems Analysts,0.8530914783477783,0.21939465403556824
163,Computer Systems Engineers/Architects,0.9251648783683777,0.25928089022636414
164,Computer User Support Specialists,0.6360315084457397,0.13912175595760345
165,Computer and Information Research Scientists,1.000730037689209,0.2990744411945343
166,Computer and Information Systems Managers,0.9559802412986755,0.2637484073638916
167,"Computer, Automated Teller, and Office Machine Repairers",0.41774049401283264,0.10022639483213425
168,Concierges,0.7881727814674377,0.22352539002895355
169,Conservation Scientists,0.9125289916992188,0.25336143374443054
170,Construction Laborers,0.3630037307739258,0.09936065226793289
171,Construction Managers,1.0457501411437988,0.3193170130252838
172,Construction and Building Inspectors,0.8479423522949219,0.22297298908233643
173,Continuous Mining Machine Operators,0.3092443645000458,0.10042870789766312
174,"Control and Valve Installers and Repairers, Except Mechanical Door",0.38293731212615967,0.10106927901506424
175,Conveyor Operators and Tenders,0.4441750645637512,0.11042948067188263
176,"Cooks, Fast Food",0.5797244906425476,0.14197082817554474
177,"Cooks, Institution and Cafeteria",0.6630600690841675,0.15570546686649323
178,"Cooks, Private Household",0.7039094567298889,0.16576755046844482
179,"Cooks, Restaurant",0.6250730752944946,0.14371074736118317
180,"Cooks, Short Order",0.6548535227775574,0.15939253568649292
181,Cooling and Freezing Equipment Operators and Tenders,0.4291430413722992,0.1092536672949791
182,Coroners,0.9285341501235962,0.27142128348350525
183,Correctional Officers and Jailers,0.7499375343322754,0.19752050936222076
184,Correspondence Clerks,0.821979284286499,0.22968518733978271
185,Cost Estimators,1.0451782941818237,0.3312794268131256
186,Costume Attendants,0.6695226430892944,0.1642855405807495
187,Counter and Rental Clerks,0.6579220294952393,0.16273044049739838
188,Couriers and Messengers,0.5422006249427795,0.1273721605539322
189,Court Reporters and Simultaneous Captioners,0.49199748039245605,0.12350727617740631
190,"Court, Municipal, and License Clerks",0.7487344145774841,0.19783371686935425
191,Craft Artists,0.568727970123291,0.12338371574878693
192,Crane and Tower Operators,0.33622610569000244,0.10043177008628845
193,Credit Analysts,0.8786189556121826,0.24684962630271912
194,"Credit Authorizers, Checkers, and Clerks",0.818099856376648,0.2392069548368454
195,Credit Counselors,0.9306275844573975,0.28606757521629333
196,"Criminal Justice and Law Enforcement Teachers, Postsecondary",1.0518046617507935,0.3543473780155182
197,Critical Care Nurses,0.9292003512382507,0.2564852833747864
198,Crossing Guards and Flaggers,0.5343475937843323,0.13365642726421356
199,"Crushing, Grinding, and Polishing Machine Setters, Operators, and Tenders",0.44761279225349426,0.1136276051402092
200,Curators,1.0128122568130493,0.30608370900154114
201,Customer Service Representatives,0.8224575519561768,0.23061604797840118
202,Customs Brokers,1.0004687309265137,0.3122093677520752
203,Customs and Border Protection Officers,0.8187084794044495,0.21862739324569702
204,"Cutters and Trimmers, Hand",0.516136646270752,0.12538139522075653
205,"Cutting and Slicing Machine Setters, Operators, and Tenders",0.3457399606704712,0.09756562113761902
206,"Cutting, Punching, and Press Machine Setters, Operators, and Tenders, Metal and Plastic",0.3582156300544739,0.1010359525680542
207,Cytogenetic Technologists,0.8101329803466797,0.20756439864635468
208,Cytotechnologists,0.6429581642150879,0.14957410097122192
209,Dancers,0.7175292372703552,0.20232880115509033
210,Data Entry Keyers,0.7294459342956543,0.18713366985321045
211,Data Warehousing Specialists,0.8415013551712036,0.21385538578033447
212,Database Administrators,0.8259077072143555,0.20430055260658264
213,Database Architects,0.871818482875824,0.22703514993190765
214,Demonstrators and Product Promoters,0.8088653087615967,0.21665607392787933
215,Dental Assistants,0.6286320686340332,0.14544247090816498
216,Dental Hygienists,0.6512820720672607,0.15463070571422577
217,Dental Laboratory Technicians,0.5306406021118164,0.12151497602462769
218,"Dentists, General",0.9265619516372681,0.24978208541870117
219,Dermatologists,1.0184839963912964,0.31806680560112
220,"Derrick Operators, Oil and Gas",0.3636244237422943,0.11236976832151413
221,Desktop Publishers,0.7622511386871338,0.18329723179340363
222,Detectives and Criminal Investigators,0.8521322011947632,0.22932475805282593
223,Diagnostic Medical Sonographers,0.661541759967804,0.1566593050956726
224,Dietetic Technicians,0.8063566088676453,0.20433835685253143
225,Dietitians and Nutritionists,1.160261631011963,0.4013327658176422
226,Dining Room and Cafeteria Attendants and Bartender Helpers,0.5815718173980713,0.1401444971561432
227,"Directors, Religious Activities and Education",1.0513023138046265,0.3387024402618408
228,Dishwashers,0.3497994840145111,0.09650039672851562
229,"Dispatchers, Except Police, Fire, and Ambulance",0.8509054183959961,0.23558886349201202
230,Document Management Specialists,0.907835066318512,0.2566607892513275
231,"Door-to-Door Sales Workers, News and Street Vendors, and Related Workers",0.7982466220855713,0.22841757535934448
232,Dredge Operators,0.3890979588031769,0.10620100051164627
233,"Drilling and Boring Machine Tool Setters, Operators, and Tenders, Metal and Plastic",0.39589744806289673,0.10202794522047043
234,Driver/Sales Workers,0.5906986594200134,0.13950927555561066
235,Drywall and Ceiling Tile Installers,0.42128515243530273,0.09898689389228821
236,"Earth Drillers, Except Oil and Gas",0.32365429401397705,0.10188587754964828
237,"Economics Teachers, Postsecondary",1.0469220876693726,0.3419382572174072
238,Economists,1.0888599157333374,0.36655333638191223
239,Editors,0.939603865146637,0.2774457335472107
240,"Education Administrators, Kindergarten through Secondary",1.1843115091323853,0.41409653425216675
241,"Education Administrators, Postsecondary",1.097043514251709,0.36645543575286865
242,"Education Teachers, Postsecondary",1.0825557708740234,0.3638981580734253
243,"Education and Childcare Administrators, Preschool and Daycare",1.0320268869400024,0.32347288727760315
244,"Educational, Guidance, and Career Counselors and Advisors",1.0550037622451782,0.360813707113266
245,"Electric Motor, Power Tool, and Related Repairers",0.3882628083229065,0.10611332952976227
246,Electrical Engineers,0.884482741355896,0.23614190518856049
247,Electrical Power-Line Installers and Repairers,0.4387231469154358,0.10802316665649414
248,Electrical and Electronic Engineering Technologists and Technicians,0.5894896388053894,0.13327568769454956
249,Electrical and Electronic Equipment Assemblers,0.48326876759529114,0.11185284703969955
250,Electrical and Electronics Drafters,0.8065576553344727,0.2000373750925064
251,"Electrical and Electronics Installers and Repairers, Transportation Equipment",0.44971615076065063,0.10606890916824341
252,"Electrical and Electronics Repairers, Commercial and Industrial Equipment",0.4795743525028229,0.1162106990814209
253,"Electrical and Electronics Repairers, Powerhouse, Substation, and Relay",0.46798470616340637,0.11396227031946182
254,Electricians,0.4789517819881439,0.11091917753219604
255,Electro-Mechanical and Mechatronics Technologists and Technicians,0.45702064037323,0.11646200716495514
256,Electromechanical Equipment Assemblers,0.3691929280757904,0.09740316867828369
257,"Electronic Equipment Installers and Repairers, Motor Vehicles",0.39966151118278503,0.09797630459070206
258,"Electronics Engineers, Except Computer",0.7807171940803528,0.19466255605220795
259,"Elementary School Teachers, Except Special Education",1.035318374633789,0.3383118808269501
260,Elevator and Escalator Installers and Repairers,0.3565257489681244,0.1064264178276062
261,"Eligibility Interviewers, Government Programs",0.8744708299636841,0.2623120844364166
262,Embalmers,0.7190984487533569,0.17373070120811462
263,Emergency Management Directors,1.0974982976913452,0.3504140079021454
264,Endoscopy Technicians,0.5059569478034973,0.12244736403226852
265,Energy Auditors,0.8099027276039124,0.2033291906118393
266,"Energy Engineers, Except Wind and Solar",1.0618776082992554,0.3402688503265381
267,Engine and Other Machine Assemblers,0.37408456206321716,0.0994674414396286
268,"Engineering Teachers, Postsecondary",1.0912126302719116,0.3637385964393616
269,"English Language and Literature Teachers, Postsecondary",1.0087556838989258,0.3262110650539398
270,Environmental Compliance Inspectors,0.900554895401001,0.24957311153411865
271,Environmental Economists,1.0788638591766357,0.3523966372013092
272,Environmental Engineering Technologists and Technicians,0.7776203155517578,0.19363288581371307
273,Environmental Engineers,1.0136821269989014,0.3045744001865387
274,Environmental Restoration Planners,0.9837639927864075,0.2854923605918884
275,"Environmental Science Teachers, Postsecondary",1.139359712600708,0.39996615052223206
276,"Environmental Science and Protection Technicians, Including Health",0.7317889332771301,0.17430198192596436
277,"Environmental Scientists and Specialists, Including Health",1.0314733982086182,0.3209405243396759
278,Epidemiologists,1.2080514430999756,0.44624385237693787
279,Equal Opportunity Representatives and Officers,0.9801608324050903,0.3023764491081238
280,Etchers and Engravers,0.42039668560028076,0.09899819642305374
281,"Excavating and Loading Machine and Dragline Operators, Surface Mining",0.3931010067462921,0.10022559016942978
282,Executive Secretaries and Executive Administrative Assistants,0.8961833715438843,0.26046624779701233
283,Exercise Physiologists,0.9494392275810242,0.2742626368999481
284,Exercise Trainers and Group Fitness Instructors,0.7254883646965027,0.18494370579719543
285,"Explosives Workers, Ordnance Handling Experts, and Blasters",0.589429497718811,0.13636495172977448
286,"Extruding and Drawing Machine Setters, Operators, and Tenders, Metal and Plastic",0.38070473074913025,0.10153979063034058
287,"Extruding and Forming Machine Setters, Operators, and Tenders, Synthetic and Glass Fibers",0.3937678337097168,0.10510867089033127
288,"Extruding, Forming, Pressing, and Compacting Machine Setters, Operators, and Tenders",0.34510156512260437,0.0994492843747139
289,Fabric and Apparel Patternmakers,0.6962161660194397,0.1581408530473709
290,Fallers,0.32007330656051636,0.09388314932584763
291,Family Medicine Physicians,1.0941396951675415,0.36406728625297546
292,"Family and Consumer Sciences Teachers, Postsecondary",1.0431102514266968,0.33798614144325256
293,Farm Equipment Mechanics and Service Technicians,0.34296324849128723,0.1024043932557106
294,Farm Labor Contractors,0.6993248462677002,0.17427842319011688
295,Farm and Home Management Educators,1.0475049018859863,0.3236037492752075
296,"Farmers, Ranchers, and Other Agricultural Managers",0.7852329611778259,0.1932290643453598
297,"Farmworkers and Laborers, Crop, Nursery, and Greenhouse",0.41538527607917786,0.09967237710952759
298,"Farmworkers, Farm, Ranch, and Aquacultural Animals",0.4389079809188843,0.1089431494474411
299,Fashion Designers,0.9602089524269104,0.2800176739692688
300,Fast Food and Counter Workers,0.5926520228385925,0.13988132774829865
301,Fence Erectors,0.44867727160453796,0.1053817942738533
302,Fiberglass Laminators and Fabricators,0.5605061054229736,0.1306292861700058
303,File Clerks,0.7023358941078186,0.17587915062904358
304,Film and Video Editors,0.7186204791069031,0.17304693162441254
305,Financial Examiners,1.0982104539871216,0.3631792664527893
306,Financial Managers,1.0206947326660156,0.31701743602752686
307,Financial Quantitative Analysts,0.9941059350967407,0.29769226908683777
308,"Fine Artists, Including Painters, Sculptors, and Illustrators",0.6836036443710327,0.1593826711177826
309,Fire Inspectors and Investigators,0.8369667530059814,0.2173358052968979
310,Fire-Prevention and Protection Engineers,0.9629451632499695,0.28148627281188965
311,Firefighters,0.569048285484314,0.1299656629562378
312,First-Line Supervisors of Construction Trades and Extraction Workers,0.6966526508331299,0.16080453991889954
313,First-Line Supervisors of Correctional Officers,0.8924263715744019,0.25275319814682007
314,"First-Line Supervisors of Farming, Fishing, and Forestry Workers",0.6795464754104614,0.1594439595937729
315,First-Line Supervisors of Firefighting and Prevention Workers,0.7389180064201355,0.17840376496315002
316,First-Line Supervisors of Food Preparation and Serving Workers,0.8585696816444397,0.23105035722255707
317,First-Line Supervisors of Gambling Services Workers,0.7667016386985779,0.19570359587669373
318,"First-Line Supervisors of Helpers, Laborers, and Material Movers, Hand",0.8792880773544312,0.23894453048706055
319,First-Line Supervisors of Housekeeping and Janitorial Workers,0.6827570199966431,0.16623914241790771
320,"First-Line Supervisors of Landscaping, Lawn Service, and Groundskeeping Workers",0.7148128151893616,0.16510127484798431
321,First-Line Supervisors of Material-Moving Machine and Vehicle Operators,0.7963038086891174,0.1989084929227829
322,"First-Line Supervisors of Mechanics, Installers, and Repairers",0.672565758228302,0.15272371470928192
323,First-Line Supervisors of Non-Retail Sales Workers,1.028584361076355,0.32364901900291443
324,First-Line Supervisors of Office and Administrative Support Workers,0.9872370958328247,0.29570889472961426
325,First-Line Supervisors of Personal Service Workers,0.8755192160606384,0.242754265666008
326,First-Line Supervisors of Police and Detectives,0.9916706085205078,0.29384228587150574
327,First-Line Supervisors of Production and Operating Workers,0.7176900506019592,0.16892042756080627
328,First-Line Supervisors of Retail Sales Workers,0.9402997493743896,0.27445101737976074
329,Fish and Game Wardens,0.7374700903892517,0.179810032248497
330,Fishing and Hunting Workers,0.38327714800834656,0.10292108356952667
331,Fitness and Wellness Coordinators,0.9323019981384277,0.2659940719604492
332,Flight Attendants,0.7256717681884766,0.18703199923038483
333,"Floor Layers, Except Carpet, Wood, and Hard Tiles",0.5699396729469299,0.1359201967716217
334,Floor Sanders and Finishers,0.3798368275165558,0.09885750710964203
335,Floral Designers,0.7732629179954529,0.19571439921855927
336,Food Batchmakers,0.5618215203285217,0.12829089164733887
337,Food Cooking Machine Operators and Tenders,0.5273615717887878,0.1217661052942276
338,Food Preparation Workers,0.5886150598526001,0.1401953399181366
339,Food Science Technicians,0.6703753471374512,0.16021084785461426
340,Food Scientists and Technologists,0.9425685405731201,0.2686390280723572
341,"Food Servers, Nonrestaurant",0.573296070098877,0.13317984342575073
342,Food Service Managers,0.8287665247917175,0.2127619981765747
343,"Food and Tobacco Roasting, Baking, and Drying Machine Operators and Tenders",0.47007617354393005,0.11262553930282593
344,"Foreign Language and Literature Teachers, Postsecondary",1.0293676853179932,0.3338204622268677
345,Forensic Science Technicians,0.7641879320144653,0.18946492671966553
346,Forest Fire Inspectors and Prevention Specialists,0.7043719291687012,0.16872170567512512
347,Forest and Conservation Technicians,0.6893528699874878,0.1595124900341034
348,Forest and Conservation Workers,0.5984280705451965,0.13545754551887512
349,Foresters,0.9573485851287842,0.2687630355358124
350,"Forestry and Conservation Science Teachers, Postsecondary",1.0875275135040283,0.3584108352661133
351,"Forging Machine Setters, Operators, and Tenders, Metal and Plastic",0.422914981842041,0.10458165407180786
352,Foundry Mold and Coremakers,0.3937789797782898,0.09839017689228058
353,"Fraud Examiners, Investigators and Analysts",0.9262514710426331,0.2759155035018921
354,Freight Forwarders,0.9531685709953308,0.28735998272895813
355,Fuel Cell Engineers,0.7869963049888611,0.20488429069519043
356,Fundraisers,1.002672553062439,0.31586429476737976
357,Funeral Attendants,0.5363556742668152,0.131046324968338
358,Funeral Home Managers,0.8620086312294006,0.2398947775363922
359,"Furnace, Kiln, Oven, Drier, and Kettle Operators and Tenders",0.4354170262813568,0.10743492096662521
360,Furniture Finishers,0.491091787815094,0.11287349462509155
361,Gambling Cage Workers,0.6785898804664612,0.17358851432800293
362,Gambling Change Persons and Booth Cashiers,0.531852662563324,0.1251727193593979
363,Gambling Dealers,0.6836618781089783,0.18218886852264404
364,Gambling Managers,1.0280648469924927,0.32167425751686096
365,Gambling Surveillance Officers and Gambling Investigators,0.7437086701393127,0.19122318923473358
366,Gambling and Sports Book Writers and Runners,0.6669210195541382,0.16548100113868713
367,Gas Compressor and Gas Pumping Station Operators,0.3882724642753601,0.10904274135828018
368,Gas Plant Operators,0.49730244278907776,0.12087669223546982
369,Gem and Diamond Workers,0.5633116364479065,0.1209317073225975
370,General Internal Medicine Physicians,1.0621678829193115,0.33782047033309937
371,General and Operations Managers,1.0025691986083984,0.2978266179561615
372,Genetic Counselors,1.0204497575759888,0.33250707387924194
373,Geneticists,1.1086653470993042,0.3704290986061096
374,Geodetic Surveyors,0.8390836119651794,0.22230179607868195
375,Geographers,1.0991387367248535,0.3721591532230377
376,Geographic Information Systems Technologists and Technicians,0.9585404396057129,0.2797682583332062
377,"Geography Teachers, Postsecondary",1.1144394874572754,0.3835557699203491
378,"Geological Technicians, Except Hydrologic Technicians",0.6699572205543518,0.1589701622724533
379,"Geoscientists, Except Hydrologists and Geographers",1.02284574508667,0.3247169852256775
380,Geothermal Production Managers,0.8011645078659058,0.19650384783744812
381,Geothermal Technicians,0.4226672947406769,0.10915746539831161
382,"Glass Blowers, Molders, Benders, and Finishers",0.4582529366016388,0.10796445608139038
383,Glaziers,0.5066759586334229,0.11321710795164108
384,Government Property Inspectors and Investigators,0.8892071843147278,0.24362339079380035
385,"Graders and Sorters, Agricultural Products",0.5095599889755249,0.12292167544364929
386,Graphic Designers,0.8355303406715393,0.22291706502437592
387,"Grinding and Polishing Workers, Hand",0.3570312261581421,0.09505447000265121
388,"Grinding, Lapping, Polishing, and Buffing Machine Tool Setters, Operators, and Tenders, Metal and Plastic",0.36174121499061584,0.0997871533036232
389,"Hairdressers, Hairstylists, and Cosmetologists",0.7789545059204102,0.20169594883918762
390,Hazardous Materials Removal Workers,0.5065029859542847,0.11962827295064926
391,Health Education Specialists,1.0597599744796753,0.34384459257125854
392,Health Informatics Specialists,1.0055240392684937,0.2950790226459503
393,"Health Specialties Teachers, Postsecondary",1.0163081884384155,0.31444334983825684
394,"Health and Safety Engineers, Except Mining Safety Engineers and Inspectors",0.9087327122688293,0.25051721930503845
395,Healthcare Social Workers,1.027260184288025,0.3281237781047821
396,Hearing Aid Specialists,0.6862096190452576,0.16129477322101593
397,"Heat Treating Equipment Setters, Operators, and Tenders, Metal and Plastic",0.4053519666194916,0.10683070868253708
398,"Heating, Air Conditioning, and Refrigeration Mechanics and Installers",0.41995951533317566,0.10723202675580978
399,Heavy and Tractor-Trailer Truck Drivers,0.38789162039756775,0.10484856367111206
400,"Helpers--Brickmasons, Blockmasons, Stonemasons, and Tile and Marble Setters",0.3949885368347168,0.09778439998626709
401,Helpers--Carpenters,0.40972161293029785,0.0993914008140564
402,Helpers--Electricians,0.3075115978717804,0.09198042005300522
403,Helpers--Extraction Workers,0.3551662862300873,0.10279025882482529
404,"Helpers--Installation, Maintenance, and Repair Workers",0.31348440051078796,0.09323123842477798
405,"Helpers--Painters, Paperhangers, Plasterers, and Stucco Masons",0.34931543469429016,0.10162285715341568
406,"Helpers--Pipelayers, Plumbers, Pipefitters, and Steamfitters",0.35034069418907166,0.09085989743471146
407,Helpers--Production Workers,0.37277716398239136,0.09566722810268402
408,Helpers--Roofers,0.41833987832069397,0.09932460635900497
409,Highway Maintenance Workers,0.36064690351486206,0.10240279883146286
410,Historians,0.9988256692886353,0.3220237195491791
411,"History Teachers, Postsecondary",1.0959255695343018,0.3820558488368988
412,Hoist and Winch Operators,0.42725107073783875,0.11107474565505981
413,Home Appliance Repairers,0.3472122848033905,0.09702429920434952
414,Home Health Aides,0.8086456656455994,0.22560499608516693
415,Hospitalists,1.0867840051651,0.36057886481285095
416,"Hosts and Hostesses, Restaurant, Lounge, and Coffee Shop",0.6942519545555115,0.19049805402755737
417,"Hotel, Motel, and Resort Desk Clerks",0.801788866519928,0.2233273833990097
418,Human Factors Engineers and Ergonomists,1.0078593492507935,0.3041553497314453
419,"Human Resources Assistants, Except Payroll and Timekeeping",0.8264840841293335,0.23254773020744324
420,Human Resources Managers,1.125864863395691,0.38517051935195923
421,Human Resources Specialists,0.9507226943969727,0.2983655035495758
422,Hydroelectric Plant Technicians,0.4208613932132721,0.10993362218141556
423,Hydroelectric Production Managers,0.7836436033248901,0.1916981339454651
424,Hydrologists,0.8594363927841187,0.22712938487529755
425,Industrial Ecologists,1.0718038082122803,0.34935715794563293
426,Industrial Engineering Technologists and Technicians,0.8191302418708801,0.20887033641338348
427,Industrial Engineers,0.9452705383300781,0.26668262481689453
428,Industrial Machinery Mechanics,0.309313029050827,0.10454335063695908
429,Industrial Production Managers,0.8740006685256958,0.22420287132263184
430,Industrial Truck and Tractor Operators,0.3571668863296509,0.09841030836105347
431,Industrial-Organizational Psychologists,1.205875039100647,0.43565645813941956
432,Information Security Analysts,0.8377488851547241,0.2157718390226364
433,Information Technology Project Managers,1.0666126012802124,0.3355449140071869
434,"Inspectors, Testers, Sorters, Samplers, and Weighers",0.5403071045875549,0.11871546506881714
435,Instructional Coordinators,1.104472041130066,0.3741360008716583
436,"Insulation Workers, Floor, Ceiling, and Wall",0.4340140223503113,0.10488088428974152
437,"Insulation Workers, Mechanical",0.6060118079185486,0.13907325267791748
438,"Insurance Appraisers, Auto Damage",0.6800151467323303,0.16150403022766113
439,Insurance Claims and Policy Processing Clerks,0.7712953686714172,0.2080005556344986
440,Insurance Sales Agents,0.8945386409759521,0.26535871624946594
441,Insurance Underwriters,0.8827826380729675,0.251303493976593
442,Intelligence Analysts,1.0027828216552734,0.3152522146701813
443,Interior Designers,0.9640387296676636,0.2809332311153412
444,Interpreters and Translators,0.8547924160957336,0.2520759403705597
445,"Interviewers, Except Eligibility and Loan",0.8561582565307617,0.24977487325668335
446,Investment Fund Managers,1.0328218936920166,0.32829195261001587
447,"Janitors and Cleaners, Except Maids and Housekeeping Cleaners",0.35099849104881287,0.09925374388694763
448,Jewelers and Precious Stone and Metal Workers,0.5722534656524658,0.1244254931807518
449,"Judges, Magistrate Judges, and Magistrates",1.1153473854064941,0.39023685455322266
450,Judicial Law Clerks,0.8935093283653259,0.2709985375404358
451,"Kindergarten Teachers, Except Special Education",0.956042468547821,0.30252739787101746
452,Labor Relations Specialists,1.034435510635376,0.34104615449905396
453,"Laborers and Freight, Stock, and Material Movers, Hand",0.35936006903648376,0.09742305427789688
454,Landscape Architects,1.0116347074508667,0.30253052711486816
455,Landscaping and Groundskeeping Workers,0.32330185174942017,0.09644938260316849
456,"Lathe and Turning Machine Tool Setters, Operators, and Tenders, Metal and Plastic",0.36771488189697266,0.098905548453331
457,Laundry and Dry-Cleaning Workers,0.4854316711425781,0.11587618291378021
458,"Law Teachers, Postsecondary",1.1293729543685913,0.4006432592868805
459,Lawyers,1.1441057920455933,0.40599900484085083
460,"Layout Workers, Metal and Plastic",0.49186357855796814,0.10999851673841476
461,Legal Secretaries and Administrative Assistants,0.7727256417274475,0.2169910967350006
462,Librarians and Media Collections Specialists,0.8846704363822937,0.24996984004974365
463,"Library Assistants, Clerical",0.666290283203125,0.16825464367866516
464,"Library Science Teachers, Postsecondary",1.068597435951233,0.35615941882133484
465,Library Technicians,0.7006279230117798,0.17348435521125793
466,Licensed Practical and Licensed Vocational Nurses,0.9226084351539612,0.26449593901634216
467,"Lifeguards, Ski Patrol, and Other Recreational Protective Service Workers",0.6811923980712891,0.18256793916225433
468,Light Truck Drivers,0.4134925901889801,0.10022976994514465
469,"Loading and Moving Machine Operators, Underground Mining",0.2819961905479431,0.10030855983495712
470,Loan Interviewers and Clerks,0.9043593406677246,0.25963860750198364
471,Loan Officers,0.9118437767028809,0.265936017036438
472,"Locker Room, Coatroom, and Dressing Room Attendants",0.5740231871604919,0.1540493667125702
473,Locksmiths and Safe Repairers,0.3762689232826233,0.09947676211595535
474,Locomotive Engineers,0.5357221961021423,0.12782396376132965
475,Lodging Managers,0.9379152655601501,0.2662002146244049
476,Log Graders and Scalers,0.6340346932411194,0.14674118161201477
477,Logging Equipment Operators,0.31680119037628174,0.10681671649217606
478,Logisticians,1.0693711042404175,0.34038668870925903
479,Logistics Analysts,0.9992407560348511,0.3006887435913086
480,Logistics Engineers,1.0315953493118286,0.3128810226917267
481,Loss Prevention Managers,0.9739698767662048,0.2861384451389313
482,"Low Vision Therapists, Orientation and Mobility Specialists, and Vision Rehabilitation Therapists",0.8893768787384033,0.2571703791618347
483,Machine Feeders and Offbearers,0.42382198572158813,0.10485921800136566
484,Machinists,0.40834856033325195,0.10025326907634735
485,Magnetic Resonance Imaging Technologists,0.6996714472770691,0.16855573654174805
486,Maids and Housekeeping Cleaners,0.5617906451225281,0.13625752925872803
487,"Mail Clerks and Mail Machine Operators, Except Postal Service",0.46915751695632935,0.11170724034309387
488,"Maintenance Workers, Machinery",0.28474995493888855,0.0947033241391182
489,"Maintenance and Repair Workers, General",0.3703637421131134,0.09984647482633591
490,"Makeup Artists, Theatrical and Performance",0.8091498017311096,0.21019361913204193
491,Management Analysts,1.1006438732147217,0.36455321311950684
492,Manicurists and Pedicurists,0.640671968460083,0.1604924499988556
493,Manufactured Building and Mobile Home Installers,0.48329296708106995,0.1145307868719101
494,Manufacturing Engineers,0.7959982752799988,0.203339621424675
495,Marine Engineers and Naval Architects,0.9283281564712524,0.2610679566860199
496,Market Research Analysts and Marketing Specialists,1.0305335521697998,0.3227475881576538
497,Marketing Managers,1.116438627243042,0.3742871880531311
498,Marriage and Family Therapists,1.1402324438095093,0.4095674455165863
499,Massage Therapists,0.7575435042381287,0.20217837393283844
500,Materials Engineers,0.9492056369781494,0.2749078869819641
501,Materials Scientists,0.9585233330726624,0.287786602973938
502,"Mathematical Science Teachers, Postsecondary",1.0417990684509277,0.3390609920024872
503,Mathematicians,1.0674052238464355,0.36281514167785645
504,"Meat, Poultry, and Fish Cutters and Trimmers",0.47665032744407654,0.11718381941318512
505,Mechanical Door Repairers,0.4139842987060547,0.10291248559951782
506,Mechanical Drafters,0.8589179515838623,0.22825536131858826
507,Mechanical Engineering Technologists and Technicians,0.6484514474868774,0.15059304237365723
508,Mechanical Engineers,0.8529114723205566,0.22946184873580933
509,Mechatronics Engineers,0.8597890138626099,0.22716429829597473
510,Media Programming Directors,1.0084611177444458,0.30378443002700806
511,Media Technical Directors/Managers,0.7045628428459167,0.1644173413515091
512,Medical Appliance Technicians,0.5231298804283142,0.11912156641483307
513,Medical Assistants,0.801375150680542,0.20784153044223785
514,Medical Equipment Preparers,0.4329909086227417,0.10515187680721283
515,Medical Equipment Repairers,0.46005725860595703,0.1150347962975502
516,"Medical Scientists, Except Epidemiologists",1.0775418281555176,0.3530045449733734
517,Medical Secretaries and Administrative Assistants,0.7552541494369507,0.20291757583618164
518,Medical Transcriptionists,0.7231398820877075,0.19174441695213318
519,Medical and Clinical Laboratory Technicians,0.5941341519355774,0.13532400131225586
520,Medical and Clinical Laboratory Technologists,0.6907334327697754,0.16976739466190338
521,Medical and Health Services Managers,1.1358600854873657,0.3794375956058502
522,"Meeting, Convention, and Event Planners",0.8874557614326477,0.2437155693769455
523,Mental Health Counselors,1.1423214673995972,0.40714237093925476
524,Mental Health and Substance Abuse Social Workers,1.090788722038269,0.3683798313140869
525,Merchandise Displayers and Window Trimmers,0.7541000247001648,0.19196924567222595
526,Metal-Refining Furnace Operators and Tenders,0.43648526072502136,0.11316968500614166
527,"Meter Readers, Utilities",0.5165691375732422,0.1152506098151207
528,Microbiologists,0.9863635301589966,0.2909278869628906
529,Microsystems Engineers,0.8674427270889282,0.23180237412452698
530,"Middle School Teachers, Except Special and Career/Technical Education",0.9697803854942322,0.30322298407554626
531,Midwives,0.9163642525672913,0.2631119191646576
532,"Milling and Planing Machine Setters, Operators, and Tenders, Metal and Plastic",0.4003433287143707,0.0985313430428505
533,Millwrights,0.3606225848197937,0.10454469919204712
534,"Mining and Geological Engineers, Including Mining Safety Engineers",1.0358588695526123,0.31749415397644043
535,"Mixing and Blending Machine Setters, Operators, and Tenders",0.4493832588195801,0.11396200209856033
536,"Mobile Heavy Equipment Mechanics, Except Engines",0.3648824393749237,0.10507283359766006
537,"Model Makers, Metal and Plastic",0.3783923387527466,0.09797335416078568
538,"Model Makers, Wood",0.6156055331230164,0.1365015208721161
539,Models,0.5048845410346985,0.1229434609413147
540,"Molders, Shapers, and Casters, Except Metal and Plastic",0.4053334593772888,0.10551559925079346
541,"Molding, Coremaking, and Casting Machine Setters, Operators, and Tenders, Metal and Plastic",0.3723435401916504,0.1003701463341713
542,Molecular and Cellular Biologists,1.1125704050064087,0.365635484457016
543,"Morticians, Undertakers, and Funeral Arrangers",0.8589608669281006,0.22483932971954346
544,Motion Picture Projectionists,0.33380475640296936,0.09855934977531433
545,Motorboat Mechanics and Service Technicians,0.277712345123291,0.10083458572626114
546,Motorboat Operators,0.4505654573440552,0.11612909287214279
547,Motorcycle Mechanics,0.40276575088500977,0.10429686307907104
548,"Multiple Machine Tool Setters, Operators, and Tenders, Metal and Plastic",0.3804468512535095,0.09875756502151489
549,Museum Technicians and Conservators,0.7856096625328064,0.19897256791591644
550,Music Directors and Composers,0.9116855263710022,0.2608717978000641
551,Music Therapists,0.9779050350189209,0.30260249972343445
552,Musical Instrument Repairers and Tuners,0.4777592420578003,0.11368769407272339
553,Musicians and Singers,0.7201548218727112,0.18458019196987152
554,Nannies,0.8666829466819763,0.24925515055656433
555,Nanosystems Engineers,0.9013374447822571,0.2548850178718567
556,Nanotechnology Engineering Technologists and Technicians,0.6625431776046753,0.1582978367805481
557,Natural Sciences Managers,1.150620698928833,0.3911248743534088
558,Naturopathic Physicians,1.0124930143356323,0.3142056167125702
559,Network and Computer Systems Administrators,0.6478005051612854,0.14851725101470947
560,Neurodiagnostic Technologists,0.6613823771476746,0.15910771489143372
561,Neurologists,1.1425693035125732,0.38933801651000977
562,New Accounts Clerks,0.7648316621780396,0.2039528489112854
563,"News Analysts, Reporters, and Journalists",0.9185107350349426,0.27346301078796387
564,Non-Destructive Testing Specialists,0.6260116696357727,0.1476566344499588
565,Nuclear Engineers,0.963447630405426,0.28499189019203186
566,Nuclear Medicine Technologists,0.6740718483924866,0.160503089427948
567,Nuclear Monitoring Technicians,0.7193028330802917,0.17787839472293854
568,Nuclear Power Reactor Operators,0.7580695152282715,0.188619926571846
569,Nuclear Technicians,0.5086725354194641,0.1284743845462799
570,Nurse Anesthetists,0.8485450744628906,0.2230146825313568
571,Nurse Midwives,1.0228155851364136,0.31754961609840393
572,Nurse Practitioners,1.0827505588531494,0.3506612777709961
573,Nursing Assistants,0.6874808669090271,0.17260663211345673
574,"Nursing Instructors and Teachers, Postsecondary",1.1048191785812378,0.36616984009742737
575,Obstetricians and Gynecologists,1.166425108909607,0.41234418749809265
576,Occupational Health and Safety Specialists,0.9254413843154907,0.25673654675483704
577,Occupational Health and Safety Technicians,0.8879498243331909,0.2422361969947815
578,Occupational Therapists,1.0214459896087646,0.31437984108924866
579,Occupational Therapy Aides,0.7277305722236633,0.18380339443683624
580,Occupational Therapy Assistants,0.7837454676628113,0.20532283186912537
581,"Office Clerks, General",0.7264559864997864,0.18646875023841858
582,"Office Machine Operators, Except Computer",0.4559394419193268,0.10548390448093414
583,Online Merchants,0.8683590888977051,0.23450657725334167
584,Operating Engineers and Other Construction Equipment Operators,0.31610992550849915,0.10205533355474472
585,Operations Research Analysts,1.1037286520004272,0.3766521215438843
586,Ophthalmic Laboratory Technicians,0.4552907645702362,0.1067390963435173
587,Ophthalmic Medical Technicians,0.5854844450950623,0.13656005263328552
588,Ophthalmic Medical Technologists,0.7600934505462646,0.19457565248012543
589,"Ophthalmologists, Except Pediatric",1.0129231214523315,0.30260857939720154
590,"Opticians, Dispensing",0.7256123423576355,0.1724337488412857
591,Optometrists,0.9642634987831116,0.27937769889831543
592,Oral and Maxillofacial Surgeons,0.920401930809021,0.2564420700073242
593,Order Clerks,0.782848596572876,0.20265701413154602
594,Orderlies,0.51262366771698,0.13043761253356934
595,Orthodontists,0.9556622505187988,0.272171288728714
596,Orthoptists,1.0403692722320557,0.3342829942703247
597,Orthotists and Prosthetists,0.8615347146987915,0.22535598278045654
598,Outdoor Power Equipment and Other Small Engine Mechanics,0.30783236026763916,0.10032663494348526
599,Packaging and Filling Machine Operators and Tenders,0.3774612843990326,0.1074715182185173
600,"Packers and Packagers, Hand",0.4236409068107605,0.10275224596261978
601,"Painters, Construction and Maintenance",0.5173938870429993,0.12050819396972656
602,"Painting, Coating, and Decorating Workers",0.5285781025886536,0.12310069799423218
603,"Paper Goods Machine Setters, Operators, and Tenders",0.4152609407901764,0.10380280017852783
604,Paperhangers,0.5110610127449036,0.12039168924093246
605,Paralegals and Legal Assistants,0.8176918625831604,0.22712214291095734
606,Park Naturalists,0.8439458608627319,0.2183387726545334
607,Parking Attendants,0.5817216038703918,0.14105521142482758
608,Parking Enforcement Workers,0.5506212711334229,0.1293703317642212
609,Parts Salespersons,0.6041116118431091,0.14038482308387756
610,Passenger Attendants,0.611551821231842,0.14885134994983673
611,Patient Representatives,0.966436505317688,0.3028695285320282
612,"Patternmakers, Metal and Plastic",0.46029210090637207,0.10430914163589478
613,"Patternmakers, Wood",0.4557342827320099,0.10424330830574036
614,"Paving, Surfacing, and Tamping Equipment Operators",0.2939339280128479,0.09808238595724106
615,Payroll and Timekeeping Clerks,0.771334171295166,0.20352719724178314
616,"Pediatricians, General",1.1193922758102417,0.3811221718788147
617,Personal Care Aides,0.6800647974014282,0.17814600467681885
618,Personal Financial Advisors,1.0305241346359253,0.32111626863479614
619,Pest Control Workers,0.6412182450294495,0.15022380650043488
620,"Pesticide Handlers, Sprayers, and Applicators, Vegetation",0.47876155376434326,0.11394068598747253
621,Petroleum Engineers,1.012894868850708,0.3015936613082886
622,"Petroleum Pump System Operators, Refinery Operators, and Gaugers",0.52182537317276,0.12219575047492981
623,Pharmacists,1.0677493810653687,0.3395490050315857
624,Pharmacy Aides,0.6404697895050049,0.15179595351219177
625,Pharmacy Technicians,0.7426077127456665,0.1836659163236618
626,"Philosophy and Religion Teachers, Postsecondary",1.0743614435195923,0.37146246433258057
627,Phlebotomists,0.724660336971283,0.17790859937667847
628,Photographers,0.6840822696685791,0.15528996288776398
629,Photographic Process Workers and Processing Machine Operators,0.5230098366737366,0.11599269509315491
630,Photonics Engineers,0.7726581692695618,0.2038806527853012
631,Photonics Technicians,0.4653879404067993,0.10879185795783997
632,Physical Medicine and Rehabilitation Physicians,1.0463701486587524,0.32323890924453735
633,Physical Therapist Aides,0.653325617313385,0.15705335140228271
634,Physical Therapist Assistants,0.7622981667518616,0.1907794326543808
635,Physical Therapists,0.8655667901039124,0.23132504522800446
636,Physician Assistants,1.0619683265686035,0.3375275433063507
637,"Physicians, Pathologists",1.091040849685669,0.352752149105072
638,Physicists,1.163493275642395,0.4079367518424988
639,"Physics Teachers, Postsecondary",0.9902659058570862,0.2986442446708679
640,Pile Driver Operators,0.2793494164943695,0.09935261309146881
641,Pipelayers,0.34264081716537476,0.09927674382925034
642,Plasterers and Stucco Masons,0.5059590935707092,0.11432923376560211
643,"Plating Machine Setters, Operators, and Tenders, Metal and Plastic",0.4394114315509796,0.10450441390275955
644,"Plumbers, Pipefitters, and Steamfitters",0.43407920002937317,0.10412995517253876
645,Podiatrists,0.9609291553497314,0.27323055267333984
646,"Poets, Lyricists and Creative Writers",0.8912838697433472,0.2590702176094055
647,Police Identification and Records Officers,0.7430363893508911,0.1857597976922989
648,Police and Sheriff's Patrol Officers,0.8367612957954407,0.23594754934310913
649,"Political Science Teachers, Postsecondary",1.065030813217163,0.3549453318119049
650,Political Scientists,1.059248447418213,0.3550581634044647
651,Postal Service Clerks,0.6489709615707397,0.15542380511760712
652,Postal Service Mail Carriers,0.5067633986473083,0.12624874711036682
653,"Postal Service Mail Sorters, Processors, and Processing Machine Operators",0.4684736430644989,0.11383144557476044
654,Postmasters and Mail Superintendents,0.922616183757782,0.2600298523902893
655,"Potters, Manufacturing",0.47577202320098877,0.10967890173196793
656,"Pourers and Casters, Metal",0.42394158244132996,0.10427433252334595
657,Power Distributors and Dispatchers,0.6450468897819519,0.14878876507282257
658,Power Plant Operators,0.43371158838272095,0.11133535951375961
659,Precision Agriculture Technicians,0.7064470648765564,0.16899947822093964
660,Prepress Technicians and Workers,0.5763661861419678,0.12848514318466187
661,"Preschool Teachers, Except Special Education",0.8921002149581909,0.26001623272895813
662,"Pressers, Textile, Garment, and Related Materials",0.30828148126602173,0.08571727573871613
663,Preventive Medicine Physicians,1.2437165975570679,0.4648699164390564
664,Print Binding and Finishing Workers,0.4057998061180115,0.10168179869651794
665,Printing Press Operators,0.3656720817089081,0.10240302234888077
666,Private Detectives and Investigators,0.8350448608398438,0.2274760603904724
667,Probation Officers and Correctional Treatment Specialists,0.9021456837654114,0.2615703046321869
668,Procurement Clerks,0.904306948184967,0.26629093289375305
669,Producers and Directors,0.9484545588493347,0.269906610250473
670,"Production, Planning, and Expediting Clerks",0.7813612818717957,0.19422203302383423
671,Proofreaders and Copy Markers,0.6694062948226929,0.16940224170684814
672,"Property, Real Estate, and Community Association Managers",0.8993251323699951,0.25376415252685547
673,Prosthodontists,0.8023476004600525,0.19906488060951233
674,Psychiatric Aides,0.800618052482605,0.21784518659114838
675,Psychiatric Technicians,0.8618832230567932,0.2392638921737671
676,Psychiatrists,1.181301474571228,0.4288370907306671
677,"Psychology Teachers, Postsecondary",1.172257661819458,0.42857223749160767
678,Public Relations Specialists,1.040058970451355,0.33866119384765625
679,Public Safety Telecommunicators,0.8323408961296082,0.22569648921489716
680,"Pump Operators, Except Wellhead Pumpers",0.4527936577796936,0.10824462026357651
681,"Purchasing Agents, Except Wholesale, Retail, and Farm Products",1.026667833328247,0.32379457354545593
682,Purchasing Managers,1.044968605041504,0.32518240809440613
683,Quality Control Analysts,0.6240919232368469,0.1475684642791748
684,Quality Control Systems Managers,0.8809593915939331,0.2309306114912033
685,Radiation Therapists,0.6298469305038452,0.14219383895397186
686,Radio Frequency Identification Device Specialists,0.6764476299285889,0.14735490083694458
687,"Radio, Cellular, and Tower Equipment Installers and Repairers",0.40677666664123535,0.10044942796230316
688,Radiologic Technologists and Technicians,0.6147934198379517,0.14171777665615082
689,Radiologists,0.9706937074661255,0.2836417257785797
690,Rail Car Repairers,0.33610233664512634,0.1000884622335434
691,"Rail Yard Engineers, Dinkey Operators, and Hostlers",0.4256179630756378,0.11041779071092606
692,Rail-Track Laying and Maintenance Equipment Operators,0.3425954282283783,0.10311899334192276
693,"Railroad Brake, Signal, and Switch Operators and Locomotive Firers",0.4418606758117676,0.11239432543516159
694,Railroad Conductors and Yardmasters,0.6498600244522095,0.15249881148338318
695,Range Managers,0.9016045331954956,0.2459869086742401
696,Real Estate Brokers,0.8763861060142517,0.24498426914215088
697,Real Estate Sales Agents,0.8668508529663086,0.2427162230014801
698,Receptionists and Information Clerks,0.7472724318504333,0.20088523626327515
699,Recreation Workers,0.8596638441085815,0.23856356739997864
700,"Recreation and Fitness Studies Teachers, Postsecondary",1.0353420972824097,0.3309834897518158
701,Recreational Therapists,0.9623348712921143,0.28478774428367615
702,Recreational Vehicle Service Technicians,0.39979106187820435,0.1047457680106163
703,Recycling Coordinators,0.8134229183197021,0.2125387191772461
704,Recycling and Reclamation Workers,0.39070338010787964,0.10057248175144196
705,"Refractory Materials Repairers, Except Brickmasons",0.3623584508895874,0.09878381341695786
706,Refuse and Recyclable Material Collectors,0.41147714853286743,0.10454422235488892
707,Registered Nurses,0.9346156716346741,0.2636798024177551
708,Regulatory Affairs Managers,1.0661723613739014,0.34551823139190674
709,Regulatory Affairs Specialists,1.0531269311904907,0.33687588572502136
710,Rehabilitation Counselors,1.031865119934082,0.33957403898239136
711,Reinforcing Iron and Rebar Workers,0.4348682761192322,0.1008349135518074
712,Remote Sensing Scientists and Technologists,1.0385842323303223,0.3271774351596832
713,Remote Sensing Technicians,0.7386164665222168,0.17611873149871826
714,Reservation and Transportation Ticket Agents and Travel Clerks,0.8222470283508301,0.2290642410516739
715,Residential Advisors,0.8561090230941772,0.23659944534301758
716,Respiratory Therapists,0.7351229190826416,0.17904838919639587
717,Retail Loss Prevention Specialists,0.7950121164321899,0.20489220321178436
718,Retail Salespersons,0.7613412737846375,0.20756757259368896
719,Riggers,0.3529531955718994,0.0953882485628128
720,Robotics Engineers,0.7216585278511047,0.18128043413162231
721,Robotics Technicians,0.4794902801513672,0.1162010058760643
722,"Rock Splitters, Quarry",0.3284371793270111,0.0993407592177391
723,"Rolling Machine Setters, Operators, and Tenders, Metal and Plastic",0.37331220507621765,0.10332387685775757
724,"Roof Bolters, Mining",0.3626805543899536,0.10662061721086502
725,Roofers,0.4694439470767975,0.10862761735916138
726,"Rotary Drill Operators, Oil and Gas",0.4497130215167999,0.11714883893728256
727,"Roustabouts, Oil and Gas",0.3443889319896698,0.09934656322002411
728,Sailors and Marine Oilers,0.4304337799549103,0.11492514610290527
729,Sales Engineers,1.0431725978851318,0.3213086426258087
730,Sales Managers,1.103872299194336,0.3634253144264221
731,"Sales Representatives, Wholesale and Manufacturing, Except Technical and Scientific Products",0.8681651949882507,0.2544271945953369
732,"Sales Representatives, Wholesale and Manufacturing, Technical and Scientific Products",0.927952229976654,0.2674824595451355
733,"Sawing Machine Setters, Operators, and Tenders, Wood",0.3285353183746338,0.0957789421081543
734,School Psychologists,1.0969690084457397,0.3798001706600189
735,Search Marketing Strategists,1.0063605308532715,0.30910393595695496
736,"Secondary School Teachers, Except Special and Career/Technical Education",0.9758883714675903,0.2977290451526642
737,"Secretaries and Administrative Assistants, Except Legal, Medical, and Executive",0.7656550407409668,0.20342910289764404
738,"Securities, Commodities, and Financial Services Sales Agents",0.9616466164588928,0.29008570313453674
739,Security Guards,0.6539535522460938,0.16363036632537842
740,Security and Fire Alarm Systems Installers,0.4441925883293152,0.10275695472955704
741,Segmental Pavers,0.5109660625457764,0.116342693567276
742,Self-Enrichment Teachers,0.7828606963157654,0.2087310552597046
743,Semiconductor Processing Technicians,0.4224448800086975,0.10295776277780533
744,"Separating, Filtering, Clarifying, Precipitating, and Still Machine Setters, Operators, and Tenders",0.47657209634780884,0.11387507617473602
745,Septic Tank Servicers and Sewer Pipe Cleaners,0.3856765627861023,0.1011686697602272
746,"Service Unit Operators, Oil and Gas",0.4031224250793457,0.1065073162317276
747,Set and Exhibit Designers,0.9075578451156616,0.24388021230697632
748,"Sewers, Hand",0.5807432532310486,0.1318850964307785
749,Sewing Machine Operators,0.4320893883705139,0.10547980666160583
750,Shampooers,0.5666025280952454,0.14373251795768738
751,Sheet Metal Workers,0.4451778531074524,0.10222688317298889
752,Ship Engineers,0.45945459604263306,0.11574047803878784
753,"Shipping, Receiving, and Inventory Clerks",0.6260395646095276,0.14772523939609528
754,Shoe Machine Operators and Tenders,0.3046196401119232,0.09457200765609741
755,Shoe and Leather Workers and Repairers,0.464009553194046,0.11212951689958572
756,Signal and Track Switch Repairers,0.26015421748161316,0.10129591822624207
757,Skincare Specialists,0.7131208181381226,0.1824435293674469
758,Slaughterers and Meat Packers,0.4265679717063904,0.10433787852525711
759,Social Science Research Assistants,0.8939146399497986,0.2483833283185959
760,"Social Work Teachers, Postsecondary",1.1188454627990723,0.3813340663909912
761,Social and Community Service Managers,1.093737244606018,0.3532888889312744
762,Social and Human Service Assistants,0.9003468751907349,0.2576969563961029
763,Sociologists,1.1305617094039917,0.39533349871635437
764,"Sociology Teachers, Postsecondary",1.111317753791809,0.3860156834125519
765,Software Quality Assurance Analysts and Testers,0.788941502571106,0.19734437763690948
766,Soil and Plant Scientists,1.0386899709701538,0.32951152324676514
767,Solar Energy Installation Managers,0.7066649198532104,0.1618840992450714
768,Solar Energy Systems Engineers,0.8010517954826355,0.20413613319396973
769,Solar Photovoltaic Installers,0.4685381352901459,0.10750145465135574
770,Solar Sales Representatives and Assessors,0.8471674919128418,0.22600649297237396
771,Solar Thermal Installers and Technicians,0.4187084436416626,0.10222376137971878
772,Sound Engineering Technicians,0.5529322624206543,0.12464363127946854
773,Spa Managers,0.9212678074836731,0.2584940791130066
774,"Special Education Teachers, Middle School",1.0372803211212158,0.34970933198928833
775,"Special Education Teachers, Preschool",0.9839705228805542,0.30542391538619995
776,"Special Education Teachers, Secondary School",1.0382373332977295,0.3300630450248718
777,Special Effects Artists and Animators,0.8261505961418152,0.21679362654685974
778,Speech-Language Pathologists,1.0171926021575928,0.3181803226470947
779,Speech-Language Pathology Assistants,0.888541579246521,0.2601739764213562
780,Sports Medicine Physicians,0.9825902581214905,0.2860046625137329
781,Stationary Engineers and Boiler Operators,0.4227847158908844,0.11348311603069305
782,Statistical Assistants,0.9331498742103577,0.2737395763397217
783,Statisticians,1.0375680923461914,0.33891841769218445
784,Stockers and Order Fillers,0.5853227972984314,0.13619768619537354
785,"Stone Cutters and Carvers, Manufacturing",0.4842926561832428,0.10756129026412964
786,Stonemasons,0.5715658068656921,0.12844307720661163
787,Structural Iron and Steel Workers,0.4692749083042145,0.10991794615983963
788,Structural Metal Fabricators and Fitters,0.38269877433776855,0.09918306022882462
789,Substance Abuse and Behavioral Disorder Counselors,1.0084052085876465,0.315158486366272
790,Subway and Streetcar Operators,0.46357351541519165,0.11923892050981522
791,Supply Chain Managers,1.0470411777496338,0.3278382122516632
792,Surgical Assistants,0.7573726177215576,0.187188059091568
793,Surgical Technologists,0.6046730875968933,0.13827136158943176
794,Survey Researchers,1.050386905670166,0.33709022402763367
795,Surveying and Mapping Technicians,0.7049298882484436,0.16372080147266388
796,Surveyors,0.801490068435669,0.19989149272441864
797,Sustainability Specialists,0.9785940647125244,0.29229459166526794
798,"Switchboard Operators, Including Answering Service",0.6231020092964172,0.16513386368751526
799,"Tailors, Dressmakers, and Custom Sewers",0.48830264806747437,0.11161216348409653
800,Talent Directors,0.9398118853569031,0.2867543697357178
801,"Tank Car, Truck, and Ship Loaders",0.4528685510158539,0.11092162877321243
802,Tapers,0.4685588479042053,0.11170897632837296
803,"Tax Examiners and Collectors, and Revenue Agents",0.8656824827194214,0.24515511095523834
804,Tax Preparers,0.8596020936965942,0.24490022659301758
805,"Teaching Assistants, Postsecondary",0.8481159210205078,0.23219150304794312
806,Team Assemblers,0.4948612153530121,0.11732299625873566
807,Technical Writers,0.8537546396255493,0.24084419012069702
808,Telecommunications Engineering Specialists,0.6684863567352295,0.14681480824947357
809,"Telecommunications Equipment Installers and Repairers, Except Line Installers",0.4553970992565155,0.1112794503569603
810,Telecommunications Line Installers and Repairers,0.410818487405777,0.10036800801753998
811,Telemarketers,0.6771363019943237,0.1887425184249878
812,Telephone Operators,0.667582631111145,0.1755874902009964
813,Tellers,0.7465749382972717,0.19504010677337646
814,Terrazzo Workers and Finishers,0.4307480454444885,0.10010986775159836
815,Textile Bleaching and Dyeing Machine Operators and Tenders,0.37628427147865295,0.09794462472200394
816,"Textile Cutting Machine Setters, Operators, and Tenders",0.316751092672348,0.09635303169488907
817,"Textile Knitting and Weaving Machine Setters, Operators, and Tenders",0.3186618387699127,0.09538670629262924
818,"Textile Winding, Twisting, and Drawing Out Machine Setters, Operators, and Tenders",0.3317244052886963,0.1017581969499588
819,Tile and Stone Setters,0.5090401768684387,0.11671322584152222
820,Timing Device Assemblers and Adjusters,0.3739323019981384,0.09715258330106735
821,Tire Builders,0.3621217608451843,0.09942787140607834
822,Tire Repairers and Changers,0.3982480466365814,0.10107630491256714
823,"Title Examiners, Abstractors, and Searchers",0.8242331743240356,0.23377355933189392
824,"Tool Grinders, Filers, and Sharpeners",0.3510069251060486,0.09983137995004654
825,Tool and Die Makers,0.39772701263427734,0.10038682073354721
826,Tour Guides and Escorts,0.7231692671775818,0.199035182595253
827,Traffic Technicians,0.7662719488143921,0.18731868267059326
828,Training and Development Managers,1.142214298248291,0.38865989446640015
829,Training and Development Specialists,1.0715692043304443,0.34815478324890137
830,Transit and Railroad Police,0.7864552736282349,0.20619569718837738
831,Transportation Engineers,1.0188671350479126,0.30263760685920715
832,Transportation Inspectors,0.7157421112060547,0.17239396274089813
833,Transportation Planners,1.0588734149932861,0.3327414393424988
834,Transportation Security Screeners,0.6146467328071594,0.14225266873836517
835,"Transportation Vehicle, Equipment and Systems Inspectors, Except Aviation",0.3841656744480133,0.10401992499828339
836,"Transportation, Storage, and Distribution Managers",0.9917251467704773,0.293075293302536
837,Travel Agents,0.850918710231781,0.2392866164445877
838,Travel Guides,0.8140352368354797,0.21217679977416992
839,Treasurers and Controllers,1.0846703052520752,0.34911665320396423
840,Tree Trimmers and Pruners,0.44004786014556885,0.11367569863796234
841,Tutors,0.958681046962738,0.30779343843460083
842,"Umpires, Referees, and Other Sports Officials",0.7661890983581543,0.20394179224967957
843,Upholsterers,0.5283735394477844,0.11862959712743759
844,Urban and Regional Planners,1.0942975282669067,0.3593204617500305
845,Urologists,0.9150146245956421,0.25933992862701416
846,"Ushers, Lobby Attendants, and Ticket Takers",0.5623643398284912,0.13693083822727203
847,Validation Engineers,0.9150031805038452,0.2598496377468109
848,Veterinarians,1.016223669052124,0.30991360545158386
849,Veterinary Assistants and Laboratory Animal Caretakers,0.7036481499671936,0.16580185294151306
850,Veterinary Technologists and Technicians,0.6939862370491028,0.16285885870456696
851,Video Game Designers,0.955571711063385,0.2735237181186676
852,Waiters and Waitresses,0.6777191758155823,0.17702330648899078
853,Watch and Clock Repairers,0.3460499942302704,0.09630931913852692
854,Water Resource Specialists,0.9873508810997009,0.2878586947917938
855,Water and Wastewater Treatment Plant and System Operators,0.47458744049072266,0.1188071221113205
856,Water/Wastewater Engineers,1.0415352582931519,0.3232976794242859
857,Weatherization Installers and Technicians,0.5126256346702576,0.11257058382034302
858,Web Administrators,0.8522353768348694,0.22063103318214417
859,Web Developers,0.8439581990242004,0.216366708278656
860,"Weighers, Measurers, Checkers, and Samplers, Recordkeeping",0.607116162776947,0.13800568878650665
861,"Welders, Cutters, Solderers, and Brazers",0.4113217890262604,0.0963718369603157
862,"Welding, Soldering, and Brazing Machine Setters, Operators, and Tenders",0.39259371161460876,0.10065275430679321
863,Wellhead Pumpers,0.29242825508117676,0.10234864056110382
864,"Wholesale and Retail Buyers, Except Farm Products",0.9991400241851807,0.3035774528980255
865,Wind Energy Development Managers,0.9466480016708374,0.26510459184646606
866,Wind Energy Engineers,0.9463616013526917,0.26928430795669556
867,Wind Energy Operations Managers,0.7916412353515625,0.19276826083660126
868,Wind Turbine Service Technicians,0.4113501310348511,0.11255805939435959
869,"Woodworking Machine Setters, Operators, and Tenders, Except Sawing",0.2916063070297241,0.09009144455194473
870,Word Processors and Typists,0.5547637343406677,0.122029609978199
871,Writers and Authors,0.8952808976173401,0.2790880799293518
872,Zoologists and Wildlife Biologists,0.9729474782943726,0.28553661704063416
